{"schemaVersion":"1.0","appDefinitionTemplate":{"id":"/providers/Microsoft.PowerApps/apps/","type":"Microsoft.PowerApps/apps","tags":{"primaryDeviceWidth":"1366","primaryDeviceHeight":"768","sienaVersion":"20210217T225900Z-3.21021.39.0","deviceCapabilities":"","supportsPortrait":"false","supportsLandscape":"true","primaryFormFactor":"Tablet","publisherVersion":"3.21021.39","minimumRequiredApiVersion":"2.2.0","hasComponent":"true","hasUnlockedComponent":"true","isUnifiedRootApp":"false"},"properties":{"appVersion":"2021-02-17T22:59:00Z","lifeCycleId":"Published","createdByClientVersion":{"major":3,"minor":21021,"build":39,"revision":0,"majorRevision":0,"minorRevision":0},"minClientVersion":{"major":3,"minor":21021,"build":39,"revision":0,"majorRevision":0,"minorRevision":0},"backgroundColor":"rgba(0, 176, 240, 1)","backgroundImageUri":"/11637219288438956653/N71a274d2-bcc8-4203-b9f1-8653004d808d-logoSmallFile","displayName":"eCommerce Issues","description":"","commitMessage":"","appUris":{"documentUri":{"value":"/11637219288438956653/N3b3a1e5b-ea4b-4fbb-94c4-66ad60521235-document.msapp"},"imageUris":[]},"createdTime":"0001-01-01T00:00:00Z","lastModifiedTime":"0001-01-01T00:00:00Z","sharedGroupsCount":0,"sharedUsersCount":0,"icons":{"smallIconUri":"/11637219288438956653/Nd7e0b3e6-45cc-4bab-9a7f-a64512cf6ac2-small.png","mediumIconUri":"/11637219288438956653/N29bb64c4-abd4-452d-a7e9-739003b0b244-medium.png","largeIconUri":"/11637219288438956653/Na49ccb74-6805-4932-966c-7d38023ba8cb-large.png","wideIconUri":"/11637219288438956653/N696507c2-8a68-4d6f-b091-c3b3fb19a3f7-wide.png"},"connectionReferences":{"6a5bbd61-2a9a-405a-8505-6cef7b887b6f":{"id":"02ac00ef-1fa9-4609-b3ce-c87cba62c4d6","displayName":"Office 365 Outlook","iconUri":"https://connectoricons-prod.azureedge.net/office365_token_exchange_401_fix/1.0.1442.2334/office365/icon.png","dataSources":["Office365Outlook"],"dependencies":[],"dependents":[],"parameterHints":{},"isOnPremiseConnection":false,"bypassConsent":false,"dataSets":{},"apiTier":"Standard","isCustomApiConnection":false},"bf69d680-ccf5-474b-9857-9d622f7de383":{"id":"96c8d5fe-b5b8-42e5-b02f-0f04baf99d79","displayName":"Office 365 Users","iconUri":"https://connectoricons-prod.azureedge.net/releases/v1.0.1430/1.0.1430.2296/office365users/icon.png","dataSources":["Office365Users"],"dependencies":[],"dependents":[],"parameterHints":{},"isOnPremiseConnection":false,"bypassConsent":false,"dataSets":{},"apiTier":"Standard","isCustomApiConnection":false,"actions":["MyProfileV2","UserPhotoV2"]},"eb598d00-b055-4e7a-9b23-43850f39735f":{"id":"2a666e9e-7ce2-4925-a005-b8cc9b6b0652","displayName":"SharePoint","iconUri":"https://connectoricons-prod.azureedge.net/releases/v1.0.1431/1.0.1431.2301/sharepointonline/icon.png","dataSources":["EDCNeedsUpdates","AppChangePriceVisible","AppProductAvailabilityMessagingIssue"],"dependencies":[],"dependents":[],"parameterHints":{},"isOnPremiseConnection":false,"bypassConsent":false,"dataSets":{"https://cdw.sharepoint.com/sites/eCommerceNewsInformation9":{"dataSources":{"EDCNeedsUpdates":{"tableName":"3b734a28-9a30-40b7-a9db-dc3197d6eac7"},"AppChangePriceVisible":{"tableName":"1250280e-4a94-4084-9cec-b90edd39807a"},"AppProductAvailabilityMessagingIssue":{"tableName":"6825eed2-dc9c-4c4e-b101-e5ea71b6d786"}}}},"apiTier":"Standard","isCustomApiConnection":false}},"databaseReferences":{},"almMode":"Environment","performanceOptimizationEnabled":true,"canConsumeAppPass":true,"executionRestrictions":{"isTeamsOnly":false,"dataLossPreventionEvaluationResult":{"status":"Compliant","lastEvaluationDate":"2020-10-23T17:38:09.9724953Z","violationDetails":[]}}},"isAppComponentLibrary":false,"appType":"ClassicCanvasApp","appComponents":[]}}