{"schemaVersion":"1.0","appDefinitionTemplate":{"id":"/providers/Microsoft.PowerApps/apps/","type":"Microsoft.PowerApps/apps","tags":{"primaryDeviceWidth":"1366","primaryDeviceHeight":"768","sienaVersion":"20201230T163330Z-3.20114.22.0","deviceCapabilities":"","supportsPortrait":"false","supportsLandscape":"true","primaryFormFactor":"Tablet","publisherVersion":"3.20114.22","minimumRequiredApiVersion":"2.2.0","hasComponent":"true","hasUnlockedComponent":"true","isUnifiedRootApp":"false"},"properties":{"appVersion":"2020-12-30T16:33:30Z","lifeCycleId":"Published","createdByClientVersion":{"major":3,"minor":20114,"build":22,"revision":0,"majorRevision":0,"minorRevision":0},"minClientVersion":{"major":3,"minor":20114,"build":22,"revision":0,"majorRevision":0,"minorRevision":0},"backgroundColor":"rgba(1, 60, 96, 1)","backgroundImageUri":"/16640810054452715128/Nff83b98f-0f12-48bd-a3cc-ff772805c18e-logoSmallFile","displayName":"Process Automation Intake","description":"","commitMessage":"","appUris":{"documentUri":{"value":"/16640810054452715128/N837a0986-7b9b-47a0-81de-15ddecc14d2e-document.msapp"},"imageUris":[]},"createdTime":"0001-01-01T00:00:00Z","lastModifiedTime":"0001-01-01T00:00:00Z","sharedGroupsCount":0,"sharedUsersCount":0,"icons":{"smallIconUri":"/16640810054452715128/N0fa523c0-e921-48aa-b41c-5ca1f61409bf-small.png","mediumIconUri":"/16640810054452715128/N9559070f-309d-4e1f-bffe-fc42269c0f6a-medium.png","largeIconUri":"/16640810054452715128/N152b15a0-36d4-433f-a6c4-146f78f0d271-large.png","wideIconUri":"/16640810054452715128/N2f3fbd49-449d-4d92-8c85-76f34afe98ff-wide.png"},"connectionReferences":{"2f9f592c-2b8f-4540-9c3b-7267a976c822":{"id":"96c8d5fe-b5b8-42e5-b02f-0f04baf99d79","displayName":"Office 365 Users","iconUri":"https://connectoricons-prod.azureedge.net/releases/v1.0.1411/1.0.1411.2206/office365users/icon.png","dataSources":["Office365Users"],"dependencies":[],"dependents":[],"parameterHints":{},"isOnPremiseConnection":false,"bypassConsent":false,"dataSets":{},"apiTier":"Standard","isCustomApiConnection":false,"actions":["MyProfileV2","UserPhotoV2"]},"14386184-b79a-4cd5-9be4-0db9e0475edf":{"id":"02ac00ef-1fa9-4609-b3ce-c87cba62c4d6","displayName":"Office 365 Outlook","iconUri":"https://connectoricons-prod.azureedge.net/releases/v1.0.1426/1.0.1426.2268/office365/icon.png","dataSources":["Office365Outlook"],"dependencies":[],"dependents":[],"parameterHints":{},"isOnPremiseConnection":false,"bypassConsent":false,"dataSets":{},"apiTier":"Standard","isCustomApiConnection":false},"e6c954bb-ffed-4aab-8ebe-4c6ff5c1d5a7":{"id":"2a666e9e-7ce2-4925-a005-b8cc9b6b0652","displayName":"SharePoint","iconUri":"https://connectoricons-prod.azureedge.net/releases/v1.0.1426/1.0.1426.2268/sharepointonline/icon.png","dataSources":["ProcessAutomationIntakeForm","ProcessAutomationAdminGroup","ProcessAutomation-Department","ProcessAutomation-ProjectOwners","Applications List"],"dependencies":[],"dependents":[],"parameterHints":{},"isOnPremiseConnection":false,"bypassConsent":false,"dataSets":{"https://cdw.sharepoint.com/sites/pdmandautomation/_":{"dataSources":{"ProcessAutomationIntakeForm":{"tableName":"2867a988-89c8-403b-af80-0326d660fab7"}}},"https://cdw.sharepoint.com/sites/pdmandautomation":{"dataSources":{"ProcessAutomationAdminGroup":{"tableName":"95870dd3-1376-4521-bd27-4108f9d8835a"},"ProcessAutomation-Department":{"tableName":"123263a3-9298-48be-8a41-fa3e31c9e55c"},"ProcessAutomation-ProjectOwners":{"tableName":"f4154958-5384-4aa5-88a9-f52cde8cebaf"},"Applications List":{"tableName":"c9df8dce-2126-43ca-ac53-9e6bb6af1414"}}}},"apiTier":"Standard","isCustomApiConnection":false}},"databaseReferences":{},"almMode":"Environment","performanceOptimizationEnabled":false,"canConsumeAppPass":true,"executionRestrictions":{"isTeamsOnly":false,"dataLossPreventionEvaluationResult":{"status":"Compliant","lastEvaluationDate":"2020-10-26T20:51:52.1371008Z","violationDetails":[]}}},"isAppComponentLibrary":false,"appType":"ClassicCanvasApp","appComponents":[]}}