{"schemaVersion":"1.0","appDefinitionTemplate":{"id":"/providers/Microsoft.PowerApps/apps/","type":"Microsoft.PowerApps/apps","tags":{"primaryDeviceWidth":"1366","primaryDeviceHeight":"768","sienaVersion":"20200624T165311Z-3.20061.28.0","deviceCapabilities":"","supportsPortrait":"false","supportsLandscape":"true","primaryFormFactor":"Tablet","publisherVersion":"3.20061.28","minimumRequiredApiVersion":"2.2.0","hasComponent":"true","hasUnlockedComponent":"true","isUnifiedRootApp":"false"},"properties":{"appVersion":"2020-06-24T16:53:11Z","lifeCycleId":"Published","createdByClientVersion":{"major":3,"minor":20061,"build":28,"revision":0,"majorRevision":0,"minorRevision":0},"minClientVersion":{"major":3,"minor":20061,"build":28,"revision":0,"majorRevision":0,"minorRevision":0},"backgroundColor":"rgba(1, 60, 96, 1)","backgroundImageUri":"/6290255432426284264/Nc7f301c9-00ab-42b2-8f72-10eed433a23f-logoSmallFile","displayName":"PPM PMO Project Request","description":"Request a new PPM PMO project, or check on the status of an existing request.","commitMessage":"","appUris":{"documentUri":{"value":"/6290255432426284264/N149aeb7c-ff0d-49fb-aee2-d9faf5482570-document.msapp"},"imageUris":[]},"createdTime":"0001-01-01T00:00:00Z","lastModifiedTime":"0001-01-01T00:00:00Z","sharedGroupsCount":0,"sharedUsersCount":0,"icons":{"smallIconUri":"/6290255432426284264/N58e46f7a-26e4-4f14-b344-9c9e9c0ad525-small.png","mediumIconUri":"/6290255432426284264/Nee88d135-05bb-4f63-ad05-cddc5b5430c4-medium.png","largeIconUri":"/6290255432426284264/N19b45b7d-0474-4e1b-965f-f8a220e2a539-large.png","wideIconUri":"/6290255432426284264/N098fba8a-fd7c-4c85-9e0e-87a09fa2f68a-wide.png"},"connectionReferences":{"1a838beb-c346-4302-9935-cf5d16adce4a":{"id":"2a666e9e-7ce2-4925-a005-b8cc9b6b0652","displayName":"SharePoint","iconUri":"https://connectoricons-prod.azureedge.net/sharepointonline/icon_1.0.1355.2023.png","dataSources":["Project Requests"],"dependencies":[],"dependents":[],"parameterHints":{},"isOnPremiseConnection":false,"bypassConsent":false,"dataSets":{"https://cdw.sharepoint.com/sites/PPMPMOTeamSite/":{"dataSources":{"Project Requests":{"tableName":"65aa1284-127e-40e8-a88a-60beb5fca39a"}}}},"apiTier":"Standard","isCustomApiConnection":false},"2f9f592c-2b8f-4540-9c3b-7267a976c822":{"id":"96c8d5fe-b5b8-42e5-b02f-0f04baf99d79","displayName":"Office 365 Users","iconUri":"https://connectoricons-prod.azureedge.net/office365users/icon_1.0.1357.2029.png","dataSources":["Office365Users"],"dependencies":[],"dependents":[],"parameterHints":{},"isOnPremiseConnection":false,"bypassConsent":false,"dataSets":{},"apiTier":"Standard","isCustomApiConnection":false},"14386184-b79a-4cd5-9be4-0db9e0475edf":{"id":"02ac00ef-1fa9-4609-b3ce-c87cba62c4d6","displayName":"Office 365 Outlook","iconUri":"https://connectoricons-prod.azureedge.net/office365/icon_1.0.1360.2036.png","dataSources":["Office365Outlook"],"dependencies":[],"dependents":[],"parameterHints":{},"isOnPremiseConnection":false,"bypassConsent":false,"dataSets":{},"apiTier":"Standard","isCustomApiConnection":false}},"databaseReferences":{},"almMode":"Environment","performanceOptimizationEnabled":false,"canConsumeAppPass":false,"executionRestrictions":{"isTeamsOnly":false,"dataLossPreventionEvaluationResult":{"status":"Compliant","lastEvaluationDate":"2020-10-30T13:36:40.6602682Z","violationDetails":[]}}},"isAppComponentLibrary":false,"appType":"ClassicCanvasApp","appComponents":[]}}