{"schemaVersion":"1.0","appDefinitionTemplate":{"id":"/providers/Microsoft.PowerApps/apps/","type":"Microsoft.PowerApps/apps","tags":{"primaryDeviceWidth":"1380","primaryDeviceHeight":"1000","sienaVersion":"20200207T213236Z-3.20013.29.0","deviceCapabilities":"","supportsPortrait":"false","supportsLandscape":"true","primaryFormFactor":"Tablet","publisherVersion":"3.20013.29","minimumRequiredApiVersion":"2.2.0","hasComponent":"true","hasNonOOBComponent":"true","hasUnlockedComponent":"true"},"properties":{"appVersion":"2020-02-07T21:32:36Z","lifeCycleId":"Published","createdByClientVersion":{"major":3,"minor":20013,"build":29,"revision":0,"majorRevision":0,"minorRevision":0},"minClientVersion":{"major":3,"minor":20013,"build":29,"revision":0,"majorRevision":0,"minorRevision":0},"backgroundColor":"rgba(165, 34, 55, 1)","backgroundImageUri":"/1326994978621466382/Nbe4a3e5f-8485-4d6f-9da1-879fd46c5d40-logoSmallFile","displayName":"Misc Expense Internal Pre-Approval","description":"","commitMessage":"","appUris":{"documentUri":{"value":"/1326994978621466382/N3f5f80a1-51c9-4b52-9970-f83c33a2c101-document.msapp"},"imageUris":[]},"createdTime":"0001-01-01T00:00:00Z","lastModifiedTime":"0001-01-01T00:00:00Z","sharedGroupsCount":0,"sharedUsersCount":0,"icons":{"smallIconUri":"/1326994978621466382/N7edcfdfc-6013-4080-beac-bfcb4643c2bc-small.png","mediumIconUri":"/1326994978621466382/N0f6fbda2-90db-4462-86ce-dd53d1dbebee-medium.png","largeIconUri":"/1326994978621466382/N981e6739-8de3-498e-b94a-2ca259a7917a-large.png","wideIconUri":"/1326994978621466382/Nb91dca36-8959-45bf-bc08-1b3610d1b313-wide.png"},"connectionReferences":{"912921ff-fcf8-4716-8aa5-fbd7d7c67ec5":{"id":"2a666e9e-7ce2-4925-a005-b8cc9b6b0652","displayName":"SharePoint","iconUri":"https://connectoricons-prod.azureedge.net/sharepointonline/icon_1.0.1299.1858.png","dataSources":["MiscExpenseInternalPreApproval","Activities","BrandBusinessUnit_1","Charities","FundingSources","Suppliers","ItemizedList","SupplierContacts"],"dependencies":[],"dependents":[],"parameterHints":{},"isOnPremiseConnection":false,"bypassConsent":false,"dataSets":{"https://cdw.sharepoint.com/sites/MISCExpenseInternalPre-Approval/":{"dataSources":{"MiscExpenseInternalPreApproval":{"tableName":"7a026389-dd0c-4967-af95-3a93eb3039f7"},"Activities":{"tableName":"f856dbc2-d89a-4ab8-8b8f-b0c6055975e7"},"BrandBusinessUnit_1":{"tableName":"2c79ddd3-ed1e-49c6-8206-a4e5133bf3be"},"Charities":{"tableName":"caa7c2ce-a320-4170-bb7e-4e53a3c41c2a"},"FundingSources":{"tableName":"a4b23af8-6974-4088-919d-6e9e87c47c93"},"Suppliers":{"tableName":"b88ff4ad-4344-415f-9116-e6c9d9125602"},"ItemizedList":{"tableName":"efb56be0-7859-4565-a34f-8bfeeb90651c"}}},"https://cdw.sharepoint.com/sites/MISCExpenseInternalPre-Approval":{"dataSources":{"SupplierContacts":{"tableName":"ac3e3c99-8eb9-4f00-a10f-52d1d81e58da"}}}},"apiTier":"Standard","isCustomApiConnection":false},"2f9f592c-2b8f-4540-9c3b-7267a976c822":{"id":"96c8d5fe-b5b8-42e5-b02f-0f04baf99d79","displayName":"Office 365 Users","iconUri":"https://connectoricons-prod.azureedge.net/office365users/icon_1.0.1298.1845.png","dataSources":["Office365Users"],"dependencies":[],"dependents":[],"parameterHints":{},"isOnPremiseConnection":false,"bypassConsent":false,"dataSets":{},"apiTier":"Standard","isCustomApiConnection":false},"ae059ed4-5a13-44c2-9144-a295a462fcc7":{"id":"688289cc-50b6-4f06-997e-562f9b5915c2","displayName":"SQL Server","iconUri":"https://connectoricons-prod.azureedge.net/sql/icon_1.0.1303.1871.png","dataSources":["[dbo].[vw_Dimension_Coworker_AccountManager]","[dbo].[vw_Fact_Customer_Assignment_AccountManager]","[dbo].[vw_Dimension_Customer]"],"dependencies":[],"dependents":[],"parameterHints":{},"isOnPremiseConnection":false,"sharedConnectionId":"8d49dae9-25fe-44db-92f4-ef8d9ba4c697","bypassConsent":false,"dataSets":{"default":{"dataSources":{"[dbo].[vw_Dimension_Coworker_AccountManager]":{"tableName":"[dbo].[vw_Dimension_Coworker_AccountManager]"},"[dbo].[vw_Fact_Customer_Assignment_AccountManager]":{"tableName":"[dbo].[vw_Fact_Customer_Assignment_AccountManager]"},"[dbo].[vw_Dimension_Customer]":{"tableName":"[dbo].[vw_Dimension_Customer]"}}}},"apiTier":"Premium","isCustomApiConnection":false},"6a5bbd61-2a9a-405a-8505-6cef7b887b6f":{"id":"02ac00ef-1fa9-4609-b3ce-c87cba62c4d6","displayName":"Office 365 Outlook","iconUri":"https://connectoricons-prod.azureedge.net/office365/icon_1.0.1304.1878.png","dataSources":["Office365Outlook"],"dependencies":[],"dependents":[],"parameterHints":{},"isOnPremiseConnection":false,"bypassConsent":false,"dataSets":{},"apiTier":"Standard","isCustomApiConnection":false}},"databaseReferences":{},"almMode":"Environment","performanceOptimizationEnabled":false,"canConsumeAppPass":true,"executionRestrictions":{"isTeamsOnly":false,"dataLossPreventionEvaluationResult":{"status":"Compliant","lastEvaluationDate":"2020-10-30T13:36:32.1410094Z","violationDetails":[]}}},"isAppComponentLibrary":false,"appType":"ClassicCanvasApp","appComponents":[]}}